actual_capacity_used,legal_expenses,voc_emissions,previous_energy_efficiency,co2_emissions,total_water_consumption,energy_by_source,total_fte_start,recycled_waste,total_fte,political_contributions,fatalities,water_by_source,nox_emissions,new_product_revenue,total_market_revenue,fines_paid,hazardous_waste,total_energy_consumption,scope_1_waste,total_capex,innovation_bonuses,scope_2_emissions,sox_emissions,revenue_by_region,age_distribution,esg_investments,total_capacity,total_waste,product_revenue,total_customers,fte_leaving,total_revenue,customers_surveyed,current_energy_efficiency,innovation_incentives,scope_1_emissions,total_training_expenses
71.83511262146925,64.39229642812641,72.93096013149881,65.82079192504375,72.3849287557216,65.07330751406397,69.19100861784106,63.674266278633155,66.60062665375429,63.92153772760104,69.82917925615105,67.77315929041178,65.83267474504682,65.5588360609156,69.12941475410412,69.08013194513359,67.42297948372892,70.9661002998295,70.03181804750037,68.2189729899451,70.82236205481927,64.0421036150415,71.05440407741645,66.9151997552495,66.21980323947128,66.84171220650639,67.71318813217331,66.14256244057204,69.05927380548715,65.93510625121613,66.51698599558743,71.8871686096914,72.41393797072494,70.6617952219882,69.06557473019024,68.59792805064617,68.85480348176326,67.22330580563705
65.63796941559747,70.59588963111023,69.34392501700113,68.11299544671294,66.37079327338726,68.56880041920498,69.4973883189015,69.20663986887108,63.342931434509104,71.29565021511858,64.70292272255548,67.1388124740653,67.63008829913181,68.09642096278567,65.25510046264351,68.6656222198348,71.31601234813438,68.13672349890969,64.11760269506557,66.83129453627005,69.44548649191802,70.04888422472678,68.26565466847238,69.20758923877074,68.48009404793251,70.10693134673735,64.19867047084671,69.29366314133425,66.36220757347803,69.35798139697816,68.05847591078742,64.33213176676854,67.02474636938824,69.9089219823984,67.55242830037608,67.13995334161869,68.6851667147421,64.90361481699723
62.795295230433084,65.98914800347158,71.4678036453162,65.6784061913998,70.60860951868956,68.22467068983255,69.72554801085576,68.69026636885113,72.02663349427003,73.90666117240025,67.28059707415841,63.68160739835321,66.24262792769258,70.51508882149452,69.5219901272508,69.6509771895904,63.72148467948248,67.23017284038961,64.23086166836637,70.79708673820025,66.50073041635365,66.68563946060407,72.33189086136053,65.7649502496848,71.14100371283996,66.80639616908041,67.61953846367929,62.494498690687,65.53794574052162,63.234656941603944,69.86351846451396,64.61561782778709,67.76989135463248,66.22332190461478,70.07581745790179,70.62920676605802,65.27621162780824,69.93985909714466
68.45401012874622,69.32002239633596,66.41736733340146,74.29070187987404,65.81780557467467,69.73406364444439,68.24840997645528,70.3184822529873,70.20235335399633,66.84071090602248,64.70254059823023,65.98038672330038,66.01905742982669,70.91225400180313,65.96087806771281,70.93065962227755,68.54922577746864,67.23356174963021,66.48078587845168,67.29183198645072,66.76979814623989,68.50647460442767,68.50838353196188,69.90588305297479,66.05009198191564,64.87733817084347,64.3764619546885,72.96646766506142,63.686849005109046,65.90526581911533,66.38657289679253,67.21005486340039,66.99912570442771,69.64859042970865,65.35260822937211,64.40378114668442,66.44847155121349,67.30016835902646
69.16601048047693,64.08817887903544,68.05391777934284,69.5918026308913,67.17237414445704,68.70643320433923,69.38809124433818,64.37591381235423,65.64395563486772,64.29803408685636,72.19618541061709,68.24399015080928,70.76762374454853,67.91328547455413,66.00624944215816,66.3171038048942,66.86685972461116,63.813160274584554,63.63093588780189,65.27934329260083,65.43585737369212,66.15942115652174,67.32320199668997,70.43421863190832,70.45141707961164,69.30334253491375,70.16677657743318,62.70615082201079,66.77683783403661,63.782654583844305,66.4557528364937,68.46499172353597,66.34852509904027,64.88010144307485,66.83554330633984,65.59470875424911,69.42840825392794,64.58482385438951
71.61900617204145,64.83115883394792,69.77592909312779,67.22994309624758,66.81023823109396,66.7273908172431,67.10539451956943,68.72206645317236,68.08421365855787,70.31553287426502,71.72562020813523,69.92205922501601,67.95649601399823,67.36178497688799,68.01343900283017,65.97549920259942,68.87828977100797,70.88648943823647,65.92453192371917,70.99163604161677,66.52037611449695,67.5147725069068,66.78840118941875,69.00140788975524,72.98042109446918,64.8950941450419,68.40383423295673,66.3935553335033,68.18619586094253,66.65806969067442,66.57037529333095,66.40640830400788,69.69513092031563,69.73008666069995,67.57151257294764,64.41720831144488,69.8473473465983,69.24957905727481
66.78096555868629,66.67344943024254,67.35980543971458,69.13450244422069,67.37194153389031,68.75655284531139,66.93640601342805,64.67735534741591,69.5713500347593,69.55379180082139,69.7808328851599,66.35036600800156,60.0,64.78030623770037,67.81829539754025,67.52817637493317,64.42234489015794,66.10320075281507,66.33736570795543,64.62882769148875,68.96601833416042,75.0,67.62467133481974,70.67547446617287,73.27155744257007,67.2649137750709,63.1688202541559,69.34513275585348,70.16387601425208,60.61164129589031,66.62993107426293,67.23425863997444,62.88980989775894,70.16288081405001,67.75578628019197,68.79547080895577,68.42076768589241,63.75260895736738
71.75843795389794,68.47185793626016,72.33620939419924,68.2217780469852,69.89373958023879,63.06228500970985,68.97376107628882,67.63121095362081,70.0411679756623,66.91581201316096,69.84060629901376,70.06353460041612,66.10491003384988,62.020894928312735,73.33795414837304,66.07073867678282,66.24507931959971,66.78532655454305,67.15326937200331,69.83833529926405,66.57917468106459,64.9901096327288,66.13595232324765,71.98581213716332,71.66259642352176,67.94465385030657,65.89679683681068,65.92510741933965,64.9176806887085,63.845250325818824,70.75418348559883,68.79804949636902,67.64868954573872,67.42126970612605,66.17092203545899,66.95238400522865,63.203581482294695,68.17733542993274
64.44973884728081,67.42200456305893,66.75734073775695,63.1545639174146,66.29024180652002,63.708447249865955,69.20123828774699,61.331741793345955,66.539321021402,66.37204419469157,72.87384461853436,69.8937079050387,64.8564348210331,68.41708552083595,68.90703534810794,68.68992532408355,67.15811260320555,67.58245212811525,67.07487680103236,66.45620668090528,68.03450343766214,68.38964921621069,62.18586604039774,64.91527290580159,65.35877181892775,66.16289309816025,65.48046753619211,71.81089195764581,65.85443323204974,66.08751467935978,63.969773346693636,68.374291712513,66.02933499186956,69.22710384369084,70.55923747460848,61.75179003599902,66.23974049399325,67.1374945696191
68.22111546115751,65.21377560939537,68.0062124741079,65.02647018758812,68.70178408772226,66.39834666737086,68.86131126394629,67.21973841119495,64.13823357891779,70.25376794075177,68.34464994779934,66.88517271518461,66.04227161479031,66.95281536513036,66.7167778972939,67.15277367847776,65.45549060302147,67.68711337270864,64.91003041282492,68.94552162495916,67.22956078510312,64.46418051980514,68.33149813239906,68.79413864093627,65.39858074401879,63.364191836750045,69.97234576794644,67.02121231277279,67.56957678445512,70.58126375890807,68.82045183941871,65.1577923914483,63.602071887396036,70.53697283396656,65.46990919803086,69.05569213799707,73.17554000983962,69.50443705847279
65.09394436517454,73.24976107474626,63.14957055440105,68.40395962597763,70.70039861776594,69.36773869999304,66.90283482220717,66.42247966691038,63.56925999146907,64.0161658830875,67.92074707904312,67.33727671647469,71.23593570243781,69.28470895865095,67.77746107934693,64.47251230073412,66.27355360005063,69.61090452516535,66.69487626104186,70.27081035949537,66.31334975202455,63.32974789317329,69.2570050055917,69.67312867479005,66.06704869186308,68.07078100659307,63.69062094521306,68.38179268001493,68.59724724949456,71.49589881467442,64.80776382700752,67.18354816979206,67.95004560998157,69.84887011211012,69.05239327738144,68.57149182025317,68.89061948928322,70.27591001192852
62.81736860436084,72.69713318272107,67.78719016307127,69.17360835590999,64.87726492862106,66.33913862688739,71.41421422732351,69.24197097277299,67.20362844156597,63.93193618546384,69.59151029143801,63.88824368274032,67.74631446131333,69.33997104156566,66.61948159963428,64.15080120297365,69.98354617040201,69.94354019381558,65.0446624381471,67.9572240886602,68.15210529141366,68.13474863540436,72.3663664893349,66.96453048058345,67.89495626756002,64.50540661997248,71.51697838394988,66.5509034763909,71.29124992286185,70.25907604501104,71.46138386573027,67.59167414682696,68.68863307182255,68.034830546706,69.78443328662067,71.2512988826734,64.04381344214582,67.39941377257452
67.10393368448932,64.54455461303971,67.21417788062543,66.23518740455053,67.64558582169848,65.3490826113952,69.46546003386989,69.52457684166224,68.17424386061616,68.08755769580786,63.02031595325847,69.00910777144529,60.85417444886059,67.83198535930542,67.96540747687834,68.49285343527818,66.1447327489608,66.26672020807581,68.53462572649269,65.22815007313856,70.84864036401837,69.0456496688303,67.71433939634743,68.70185379562369,65.17064100099338,65.2649655296282,68.26007018241364,67.85876312218377,67.13894352758358,71.93856673676753,68.03704048947021,70.59083976975556,67.03699118504082,66.0917677085428,67.57127268940643,70.39116987762911,71.66687218397686,72.6428653498001
68.97052653195003,63.10438807574533,68.90463457176789,66.52730912308138,63.08734593934502,64.5612910999146,66.95243835524819,67.92344234754985,70.63005885827397,66.57933647560655,67.54735023305913,69.67047941673594,68.63245142387714,67.02455658085282,69.6886517620237,65.17892994796934,66.50752218925874,66.95865562470681,64.81798787396572,69.61823327592026,67.10065900423916,70.02709405655632,69.33350801405628,66.08798682244466,66.73749452252021,66.02592385563274,66.67497284443078,67.43413186752171,69.62304022233138,69.93043421788072,69.82090027012055,65.00000704764626,65.88742473437577,68.55104332304032,62.21583100222512,69.9885887831669,67.59941616411028,66.97662003140802
66.39323124749082,67.75421364773365,70.34547837133667,68.22225592908366,68.36821064334502,66.0176017161927,69.83173405645543,66.04700030745244,66.27587884642017,66.55491123121081,67.79271743199797,69.01647891224421,66.50285267636549,65.13623350938312,65.50326525407624,70.9175035131634,65.1840263811647,67.15061903029975,65.53122904918125,69.52961096148883,63.53024996196895,70.85440426528555,65.65385143213862,66.18628346903199,72.74503968785785,67.40720964524336,65.97914489526812,66.41595270897128,66.82260998631627,68.8920532660585,71.703071469239,65.84501342069954,68.43619003305054,67.80578780189624,64.07461233033452,66.93679980592837,66.41381518072816,66.76946503217663
70.44622333648732,72.34301021111507,70.00632533456351,66.1937815183049,63.70032275089601,70.27588392618112,68.0867358572659,67.87318358104885,71.11175275728066,72.00596165415618,66.7038935842822,68.7911964245513,69.36612468055827,67.68054158450177,70.09150613163767,71.00252139502274,67.30988585926403,68.04177550761044,70.32562757228771,72.27024007952046,71.09838445076666,65.83803875484283,70.51927958167619,69.44565588035445,69.92872034091063,70.99103132024155,66.83141269864089,65.73602872002536,68.25925254588417,63.734343538436335,63.859907952081585,72.46160624920458,65.90091078538109,63.91567979074685,65.11479999530113,67.75330133713656,66.93817917161174,64.93580443542909
70.61533137913874,69.30586436287328,67.41743459433474,68.4156512741009,72.42714725022901,64.33174046454906,63.56916978758397,70.50716337110971,68.2983874089932,66.98843500524012,67.98848796886436,69.12095189095315,64.74081363108411,65.86842050710881,64.1471351288326,69.48607765639017,66.19019539716034,67.51005806491786,70.73311333261655,70.82486911665215,67.16739135022833,71.49885601389715,65.27720158552634,66.55975071817309,69.05879257642718,70.48461967378863,70.06279311887224,65.80984622817849,70.99385946562435,65.56923020488729,71.4792087812804,68.30477074199244,66.46220621022425,68.75102268302882,65.83006194749278,69.61043463784793,65.40640453966796,70.64926433633201
67.68961184133572,72.31827919411464,63.28081057946453,68.9802476216786,66.11300171349568,65.54355393740049,66.5695201757876,70.34044995201532,68.05923099389629,66.4028146082636,66.44356459953703,69.05749445884041,65.2669063711801,67.80999348540264,64.6574889538533,67.32664157138211,65.40530346604938,66.41393309292013,65.94653487113763,66.85762272967754,66.4838900145812,63.89433998880208,71.23886093588501,64.74155491819072,66.1806249904154,67.7269808983669,66.59892864137139,66.44499864773766,68.25320839543903,66.64858148973028,67.11761109913117,69.70235836723222,66.36421248740811,70.75890769399258,70.73176658672729,69.6168231388111,65.2583787552779,69.35287238243798
66.45848069149119,68.73125746087456,64.61330890995687,62.57792581017016,68.24838177690002,69.82093590282551,67.15149685790614,68.21406316065661,66.7835563366373,67.77617135202682,68.3175611265542,63.34879675123464,65.22876967597695,64.99371943775036,71.65267544554034,74.42205689095498,67.09748412787746,66.79710382565031,66.56908084796608,65.40342914756637,66.32660065525691,66.4132659798635,69.76197373091058,68.88801626498025,67.5647546925716,67.02976330747623,67.82255565865619,65.90013682401617,69.69083500362271,63.988878677563996,68.43952716489731,67.05536913887934,65.23089282696725,65.84684872804438,62.14050157256639,70.5165972552681,69.18773591369576,70.4592894019296
67.30386198994279,69.34590927386809,67.32406144271006,67.9569825061088,68.15058901733138,63.04919729669665,68.88624733346657,67.15365939598615,68.71080756766533,67.70169361141568,60.29792055642617,69.04544082808117,67.48528490360364,69.33999202082369,68.87580111696043,65.18099560495104,68.4254604372139,64.13914086605318,66.43380267321588,70.8474513947316,68.78324595242526,63.918695412077184,69.3725975962754,70.9818744040622,67.04231712928704,70.32064578119369,68.1181739348849,66.36307143923676,60.93491736169824,65.26681239766197,67.9015782609928,64.54439115143846,65.07758859042998,69.38822170406559,65.87594646786279,66.10788141714134,70.65864136550896,64.79118337926816
69.25670244214577,65.84275659185992,65.1315518880696,66.86827559329801,67.69515811646372,67.27756722809298,65.04874890057411,67.0143740004186,63.32384801832991,64.41862567492221,69.868508702804,68.4013478111219,67.66047180128182,65.48459292168371,72.61064581605429,63.324816777637594,69.19589650411534,66.2674900654712,68.28815563065632,65.82663202950286,68.33233446813931,65.74143713832375,68.7840838175532,72.81248866905,66.74825269763103,68.07082846526573,63.7620712917017,66.9336061056221,71.63267167138811,69.49337055333605,68.49019509509384,68.80715512876095,67.56286140102037,68.98157555971783,68.06801196042481,69.99724379228819,67.37713377951539,68.69817093121841
65.70445667455441,67.8917322744794,65.07094696784391,67.77529400711123,71.341694611084,67.2286646940445,68.02225721894688,68.40630711492958,66.37240633634374,66.90974917760909,66.13908839052407,65.77283157760954,68.76040146993245,66.67999329895571,65.06202173677518,66.14239684127462,68.37782163034575,64.21769538923941,66.46316773363553,67.52350577392855,66.81991641140529,71.04798440001774,72.1116751326085,65.93390842800783,67.15833850921858,63.626257472447456,71.96554422175876,65.06519058240188,69.05021042641273,66.41264031455862,69.58237905580212,66.3150847589755,69.30333756066985,65.84252266619148,67.30228961316121,66.05992818648345,68.11855879410656,63.686530197639
68.62621611280626,68.84326047056572,67.69611070610215,65.63952670739134,65.93657636473992,70.06930552838435,66.9951313518972,67.26474547724176,68.88041122936912,72.76942331085179,67.7169754804124,66.07766607226404,67.51899361760854,67.5767206068599,65.88590729118468,66.15259877085434,68.5382192071239,71.13295042791403,67.45075394229262,66.33154224025022,62.31180460615902,67.11373179225887,64.96356157908443,66.53967775901599,67.91220756594869,69.90506730913641,67.13981702833162,67.40123042274493,68.86186543432169,67.15020446580799,68.43376412037995,68.1112034974964,64.37366509235012,68.80053189627478,65.43413676664001,68.18354820170431,66.32320554795193,60.0
66.72903630614006,68.6999912579041,67.55161179961416,67.22088549436104,63.485122941162636,67.92719684392786,72.16014752878809,66.90061533406698,67.34918757291007,68.52834428437487,69.55982985327063,67.31818205126854,70.22434864927635,63.241581526601195,68.36918400241755,65.7290766387193,70.41842577541004,68.27903967751494,71.45188380398929,67.10808219126011,70.85280135623921,72.29722990254423,71.06508094368752,66.52501783440906,69.5725085144453,63.85567385736601,67.72158381517498,66.09994405639343,69.82550900444676,69.41180531675882,68.48370443299586,68.98357560659954,74.10311730269896,69.10252945529766,67.59299269042594,67.03472512485425,66.07169380411997,70.03151357955973
69.75875549294601,65.86777267039226,62.44702540081036,66.34270718782824,71.99112860444723,68.03220331128752,63.00612618378764,65.46951174434025,66.19054893262383,68.87118240480068,64.94385482493591,66.47499398230943,71.04190253343131,66.2963826180465,67.52640832155433,64.95846588662417,64.38392493648443,65.10875453910623,67.64040259447665,61.51008760536834,67.58286921749047,70.57532435778566,64.24725398636414,70.16770685080967,72.51395989578556,64.66429450938561,71.25784049811699,71.78007512846109,64.45845535979508,69.55817492614327,63.82059726836309,66.88238426057339,68.88724110350279,67.06568789873019,66.91398645163298,65.31307837818578,65.73213447457125,64.38377153757169
72.11787057260506,66.74017034948722,70.43538079519904,64.28005124884005,68.81132725504581,68.49076322334524,62.45512574108929,66.40736929822693,67.47881693426149,69.43877120432934,66.79030738178584,67.32235852997462,63.99662728293956,67.11916966519196,68.36918701142503,69.66879510761375,69.11080719684826,66.87087996418859,64.78238403638768,65.22693955867837,62.88875405850047,66.67530946017848,70.73866278927834,71.60062815025118,66.69472699588671,69.06464414524066,70.06535159781878,68.2382229324197,70.63074212217025,71.36229586919511,73.32679759912928,65.67227300720624,67.96489952766554,65.5889675451898,65.62503642687804,68.38846332190569,69.62877714199574,68.01281054649095
68.36919347485785,69.51453797132446,65.86816913220092,61.220602996885304,67.46872194743278,71.14132560135918,65.79802946599138,71.1344428834556,65.22842300691458,71.2363698357559,64.83794641215034,63.90013634126711,63.67307464748911,63.344505528094345,69.75492246771367,66.58137062344109,72.8306204383056,67.83828209348528,68.9312642506592,68.32153842224395,67.76416317695168,68.14530859309112,69.44719356420588,62.64247162798247,66.10056922505379,73.48521936464462,66.48145003333343,70.40890403033444,69.10427148465706,67.50631334725401,67.39817891637324,67.78388122196067,65.26421835648702,68.15980953952165,66.3584508707431,68.69830490244458,70.0827268609976,60.0
72.15815031038211,65.41765001134502,67.2102270643925,67.20673170232841,69.3781370082967,66.76020214012915,66.82511690001502,69.78013074656447,73.13875910846467,66.26284724518908,68.4753647520382,65.23511572420237,67.42615538499082,68.46633845442136,67.43309314142344,71.24014117166809,65.8667418470782,70.92798225000828,67.58310860220244,68.26387382984774,64.04830153835245,72.50351362882562,67.15025268094492,63.933790577272546,69.79116826351886,64.51782596126472,67.46800609447251,66.22427573642511,67.82013793131512,67.8203675029984,70.08815535529813,67.76491900731992,72.27124038258525,65.11912004381931,64.9421234943862,67.43735802673496,68.7774903460674,62.69940931872867
69.00501513496444,71.25107211423176,65.72609982555196,65.7055105924361,62.530644250700455,68.0789856271197,67.56504456613864,67.83213424501774,71.16148304984016,66.94890855823444,66.3515856783161,70.3112919895227,63.470298364927714,66.62448727551907,70.80946393563471,68.53663800304042,67.75966230266586,66.70406523613516,66.99358528880028,69.88598526152174,69.58947216729192,64.4931251820381,68.18560197807001,69.51614750999492,64.4927475559145,67.11431222089259,66.53706748289744,68.82890440216084,69.02311802144246,67.42577756540284,65.97874510729194,69.36283520750764,67.80083810427871,68.451551203482,65.241378866792,67.87226712908539,66.00398089551447,68.81994488405554
67.28341299655816,67.72326205931142,70.35939626843972,70.5484818942623,65.42499271982018,66.35057506268912,69.38192492706618,67.67004963220792,68.89614968531339,70.46711859933534,69.24556701897356,67.74145159937457,67.74384806229187,70.68848234907227,63.19721124682225,63.987342974922264,65.07632507933671,62.135925643597034,67.281488182876,62.50229690491766,67.91018465341043,68.3932320240494,67.21708980374439,71.50952031915831,67.43088367092513,61.9772482198257,65.35460290911611,64.64721829746343,68.54138001060922,68.36275909357009,65.66313393660546,67.75104093392099,69.29196164960989,67.11670621423573,71.98549093400203,68.87016963012601,67.87053497446949,67.29842168365914
66.2526528973397,68.88179185005679,66.17845582492328,67.00910891864636,70.85649524562001,70.61560593622886,66.03471643368799,70.286111879612,69.9049001009332,66.36078574587648,69.80509512475882,67.8803888036198,67.19899798407585,66.75284377108551,68.2256064570887,70.9051791229083,62.693946870431674,68.04990051939204,66.28613672362827,68.06033187944563,64.46254949372458,68.5694092502961,65.47838347499615,68.11458680425251,67.98576058241908,64.43792704687007,64.01287994673645,64.62496963458209,68.0357615652484,64.68288386512971,67.25077658616365,65.99246152063424,68.69097517267292,66.89648843055252,66.3950994244442,71.06208316765324,65.52471658221937,70.82845337349661
69.1346728946103,66.23012038458505,66.39132363119053,66.55416913187473,70.7740683029092,69.72346041730314,67.87658562937587,65.21933347404025,62.64102618544456,67.82033831956869,61.2584960337562,66.16437521191536,68.74608404466498,67.76512299229807,66.7600363504469,67.82741817248025,69.69068886576285,68.22317621148325,64.19562966460892,66.9041567180911,67.50802831172153,69.87400552950841,61.965620558264035,66.03271532583136,69.66286010613102,66.91837080200838,63.60021744548673,68.29074215392755,65.2231653270985,66.15741847725135,70.60016660184625,71.64311731177236,61.93698249794916,68.19100196499028,64.93124914275184,65.15501768591874,66.91346023520876,67.90494665069355
68.52576687005462,70.87782994648539,64.4068243795995,66.76339814287815,70.92175268369083,70.07390895581925,71.09577233700449,67.08613727183567,67.51698266865183,70.41155024291594,68.84934711615092,66.06828359359854,69.53230727755312,66.20834948605477,70.62295976690054,67.13180535497605,69.29628765314497,70.76151089071365,72.31016608246075,68.24529188621293,66.33896263699054,65.4072646152528,65.87033054683586,66.15208072069933,69.80187322514766,65.3493284662954,63.88709982871318,61.38144856145348,68.62794779690404,70.23654129260905,68.14789388100327,65.48446674132147,63.20868921027173,69.4701341675735,71.98299505047143,70.45260709388909,68.54913785214578,72.37587457378686
69.50257474592081,67.52069474378713,69.65577421467451,67.63746185615076,64.71150307548795,70.3012058947136,65.29000469412105,63.56530616983009,67.13234627652781,65.12489122313588,65.5415801464569,69.19262652177791,70.36388660460545,75.0,69.96746737971057,72.4116358669852,70.66388728060167,66.33705866301464,65.90515809173675,65.3181361231367,67.46504217374542,66.48787073030104,68.30916569224084,68.13571675516754,65.49874997917328,68.34904003960709,68.23274198862526,67.17422941973662,70.04057401368247,69.19489338956583,69.43760556444651,65.42330139455102,65.85166607639619,66.54934701175584,65.45029328843631,67.7498938601444,71.11853475620364,65.91625325897128
68.06083296786029,68.01073401794304,68.15676527434688,61.703899848565165,64.64627080584611,68.53503976917087,65.20952202254821,69.44866494024396,70.27557245408953,69.53056048452484,69.5489036304234,71.91860273322663,70.51616227865847,72.11763477731397,63.39838676194722,69.48821045003984,69.39148064664971,66.4316579266473,63.854086439146776,64.07390528074217,65.94935998968691,68.39365485680072,63.201424759541695,64.18339246166245,70.28629229706773,69.44579968967835,64.56781582060351,62.907570721862655,74.57824157423086,69.84535340363678,71.65949893189875,63.18434839603963,66.06580770965736,65.03290332038716,69.6605064470829,72.49742076028613,64.03707218748376,67.32082619117023
71.74269590151393,66.63848743934814,66.84761632000708,72.71672151571946,66.01280207007183,66.48299687474767,64.08622484295762,67.34726129589131,64.27341924343405,66.36457008858272,70.7951026138078,65.54349745526322,65.47628564750633,66.85709912087994,63.48203105193481,73.14900402275042,72.40870079782226,70.21973066061449,71.21812955106117,67.10890776899662,68.9127088441866,64.45248773185675,70.38984511207407,65.48151330673758,71.4815490510625,68.4016711610875,64.90160893055082,65.55727893397825,67.90675886144102,67.21970099576268,67.33809018949599,71.03922415987287,66.97821812631517,70.7598037199511,67.7408130681686,68.22032954156064,69.82407763975547,67.18771174134844
64.68889588632788,70.17390000508826,69.56217450640156,65.8523130181602,64.35187898043648,65.05091123097509,63.31158574485702,70.65826210847612,63.843984583940085,66.01273347792112,70.5762530273112,69.07578943191281,68.0449023078705,62.97290332333313,68.1103251394073,72.2236001928543,65.1789973341607,69.24171393919424,65.34291689422086,70.60982486486903,64.67041336482335,68.6501345766666,64.85103803118855,67.32690878875134,67.48085101884826,69.63733059608978,65.56162623396277,71.21113370222157,67.56289513291863,65.56378199824161,70.63058901705467,65.25248468787954,64.686904950027,67.82155868365251,70.83048853455979,63.93806079957519,62.61300215901472,69.57149900773598
69.24269321640577,66.83189758432316,68.89340648892345,66.09641278212055,66.43273296910306,67.43321754437858,68.53877080244888,65.96467720274619,71.06780316278228,67.53953909379591,68.94037553668983,67.58288992728185,71.14911252334835,69.1065958685062,64.20583219893993,71.19288382716005,69.30073191947221,70.09110960845018,67.36194345962096,69.85885124518511,65.3740303311656,66.69825721637058,64.24605817895831,69.62880107552793,72.01266106671315,66.46011621091615,69.50898056205176,67.70946992816127,68.88026514516885,67.93173609187086,68.17961188261152,68.44436038878817,69.06424536894173,65.6501127681122,66.67822505872022,65.36850003677678,68.2627232234865,64.24573099874335
67.97594867600769,65.6023823854298,67.0335489230255,67.00570954130723,70.69224990870183,72.19240857707643,69.6667021201248,69.63003868116654,66.8202494550092,68.57201939138535,65.17219720239916,69.01696417181637,67.17916864068633,70.37592826097627,66.49446646189578,67.95393858970701,63.05135882290075,67.81134590646352,66.92089608692058,68.75599283894087,66.52988563174759,66.05514270327778,64.19190188046781,66.4046451521479,64.88359197313079,64.69629635589729,68.11987311838502,66.71577717872229,72.25434645572533,68.12808135579719,63.433501561899256,66.28346350648839,69.91659645572871,71.098010406265,66.82590634450887,66.1737114736012,64.68618377709669,67.74387046130047
70.40385268207227,64.8458569181556,70.98614684881858,67.17248560339517,65.66790880294856,67.58794659887147,71.29110867640988,65.79424084660806,67.30062001033127,65.93962825549882,66.64546705237551,70.08499003802812,68.68155281041523,69.91669830140044,66.39165726654737,67.85199199935656,64.97322590189238,66.9640030498027,66.38824802323435,66.33892231963334,71.24735612131033,70.43388804552954,68.49338071250125,62.91353809078268,68.2183656841697,61.509060467955294,67.05870547906238,69.31678400674522,64.26514377437974,67.79573810785477,70.38503161784453,69.97950295252903,64.21091951834231,63.75354992262134,66.85046378080321,67.14951132191683,64.51385966178508,67.04474803294487
65.07641961517325,61.69405932320956,69.16428338349415,63.188200400576605,62.745023469608725,66.50323646465718,69.9410570595542,67.45178416341423,66.82964828348128,68.82298814632698,63.8054927003419,67.62546564225686,70.48976917011638,66.09926884365153,69.5529106010949,70.14652229677097,70.49599508972399,67.55099950091953,65.54069791927446,67.18464686927467,66.7988224388425,67.54666858779271,64.9999434582879,68.65425275570662,69.87003262487819,70.89711864956774,67.78223370270197,69.13687904454429,67.4823035243564,65.32456054862668,68.10911605822076,67.42312742111207,61.90200042431561,67.87960385970221,64.52367570668042,66.68235730592093,66.77189017033716,65.4203874385712
66.13749135354334,64.84701026487265,66.36903475349953,67.80443640914548,63.5228058241793,69.89798649741817,68.49704109194853,69.19056468576053,64.80955856821126,70.63139417565014,65.09337727981382,68.02067888440088,64.13628919987107,66.22069881500248,64.02263857763515,65.1184738470536,66.053091023483,64.30281411498791,68.10633689360773,66.07654765508943,65.09540605251763,65.88028640865758,68.27638356069482,69.11939039056026,68.37823671660215,69.03934746964076,68.68253066722713,64.1657928867368,64.04094563026004,65.14775734438985,65.05250464287822,66.79978350046865,70.97295066093726,70.58682351244674,69.91844171915925,64.45527323305414,65.61618348066378,66.9620118196769
67.00117236579263,68.71286769720238,66.48408327821808,72.10536223301406,70.34761060135492,66.2681987429339,67.48742384704632,68.98507808066675,66.46187139587336,65.5189036833986,69.50317321032833,63.00959036445929,66.18682297445733,70.12603108343959,71.59429663301677,65.43444758104587,70.33930088334888,69.8369565925731,67.8099833668407,65.04606395697331,66.93601115143824,66.8843897099248,66.17490190997293,66.90882045390677,65.72542988159016,68.3600400375237,71.75516228543572,73.87492959492698,67.39961560956829,66.42437845559358,66.20616906057991,71.75370723345834,68.06830145847671,68.12236563927118,66.81744367203612,65.67720433995969,64.94737406863115,65.54831621149934
69.12458137574681,65.25823841903023,66.9823377050808,66.05052583513196,64.26379007985892,69.0287927429294,71.8217801907013,65.57826580751203,73.37864644891619,66.02099957536083,66.05913885320865,65.66778476836748,70.42872963648216,67.98567613302066,62.99241763678083,63.79805711755748,69.75120904854722,72.46090868137485,69.36868358674646,65.12978780465869,67.23682481979375,73.53153270618876,68.77951948107103,67.53468732239675,68.3647732696332,68.04383477270297,68.93389219584141,67.76344598313295,68.6457514038789,61.21627058760918,68.0805014653274,66.02187254226864,63.20319165430148,68.11808025908513,66.29472701369535,69.09453538510492,67.80419665333623,66.24383043605458
66.73362524376003,65.27738491122831,63.63850005108111,67.28680483153522,69.20384877824672,64.53807510094828,68.15941723730242,70.49431801715134,66.29473425833338,65.10863331482483,66.83216005856029,69.65064482076704,64.54617733693443,66.91768140643329,69.42182351999845,67.34467355803345,66.51387535371371,65.16214189396811,67.71871644447691,67.50908799173327,65.06327337332746,65.47561322525087,65.8616059214592,65.94394030082978,66.42866446475169,67.45849519000092,69.0752606677923,63.954594598731646,69.6114688962176,66.49302516653661,68.31606147025848,67.15209125213308,68.54920352125835,73.881518495352,66.83404856596832,73.06376698611706,63.56273296963035,67.2540583117079
67.47187227431778,64.90849898290811,72.38348809948093,67.76233249759986,69.04733611808534,67.03820737329806,68.00644392296654,66.25126819388063,65.19357150232985,69.64360054358677,60.9237181755229,66.89688612426059,68.64828640414048,61.1409360770337,67.80652972555488,67.55322489606121,65.78729312839668,68.37737754861962,71.17043973865977,66.21481406514795,66.08415922407892,64.99143434400537,69.88446614200913,65.93171948068863,65.43050334246693,69.48135714376141,67.6805086420663,67.86067941668243,67.68044891445061,68.05303824535656,68.20840574441013,65.95325595405909,64.69132486172818,65.2076799310986,71.24307867812946,69.3059391018055,63.92385180344158,66.82055660128506
67.80672484995299,69.69567179222204,69.09954891253275,68.03246571874783,69.77346739534708,67.77402281781573,69.32579304768696,66.9835519314205,67.500119340325,68.16776068044445,67.47832784714817,65.53103552641446,69.69380822112315,65.23301724245141,68.66240779782825,68.82191270409322,67.3765871197763,70.3048149794344,64.93919817074703,67.57244519093668,66.85844604501644,66.56686699021469,63.57629787343468,68.93846055869109,63.8743757718693,67.52094644130484,68.20563138806165,66.93020541788526,65.97283205624657,67.23546380555221,63.65259994553982,68.37581056496572,70.71275631168368,69.73399309987272,67.59348997948084,69.26181731915476,72.93714009500147,68.15259221056047
68.02924106252706,71.66484706749596,69.64433168906574,68.6062344041485,67.83270318563545,73.23911618919267,64.48118752748336,68.79072573959054,71.64782964823425,61.8854146954062,64.9163878727686,64.86562091231092,69.9816824339576,69.79999540323216,70.50986974972983,64.44650878321605,65.41720244495112,69.08476616779899,65.83066883814331,67.3572719159841,72.77706260191326,67.5604766484076,66.42346041729436,68.32589464601652,66.82280814728682,68.71127911209695,69.97043861197484,66.53015192685187,63.15358243131775,64.17115495052663,70.65682954900508,70.96973154498058,67.25061826839428,68.25742020307803,69.31281551069641,68.29051937790949,64.7498071821007,65.19730854481828
67.36326029676017,64.25175051450225,69.28612639571494,66.68423912798531,66.94876536879383,69.07969423742523,66.42260328459929,64.4829441435885,65.2487512100214,63.92010701261683,66.52063162472626,67.54999662108548,66.02167181369825,66.34616329144255,65.23275638344371,72.19441497711298,67.19307565467827,69.21362348525827,68.76973137863457,72.46954355666807,66.41918462808566,64.05024987709183,68.16634650910098,69.50748784672493,69.37657167893427,66.53692828568624,66.00329270384712,62.64658498817573,68.47807611636443,67.09115297675201,67.65653022802351,63.749448558807394,68.93203672009906,73.90342021297597,63.7873040476363,69.93768323299017,64.66142351988682,65.74024986552588
65.31570378992211,70.79323908153044,66.97568924633714,67.82215347434655,68.00162413580917,65.25682075901531,64.22524731024714,70.2336500941682,66.65587586698979,68.5886003962072,65.82391464605126,62.590078625763155,68.33869545766626,65.60855518646653,67.25647890282107,65.43835820108497,65.19485151904173,70.41382670580178,69.99121012079027,68.64313144666276,64.70744830553481,72.61581646394123,69.91047903516674,62.84922196327501,69.52727345848561,67.90118137859115,62.307670633796505,69.61065549747777,66.60163477458367,70.45534695184365,65.6353066415048,65.38698020619778,66.61900988543901,68.78245153142488,65.46600278192163,66.53216989459828,73.00125298756437,63.349143794082494
